student_id,content,wording
000000ffffff,Example text 1,-1.46124482282529
111111eeeeee,Example text 2,-1.46124482282529
222222cccccc,Example text 3,-1.46124482282529
333333dddddd,Example text 4,-1.46124482282529
